	chrY	2673818	1	9.0	50
	chrY	2698819	0	1.0	50
	chrY	2703311	0	3.0	50
	chrY	2723416	0	1.0	50
	chrY	2844717	0	4.0	50
	chrY	2845272	1	2.0	50
	chrY	2846972	1	4.0	50
	chrY	2861953	1	4.0	50
	chrY	2909060	0	1.0	50
	chrY	3015617	1	1.0	50
	chrY	3143399	1	1.0	50
	chrY	3148496	1	2.0	50
	chrY	3171329	0	1.0	50
	chrY	3174845	1	6.0	50
	chrY	3196658	1	4.0	50
	chrY	3198053	0	1.0	50
	chrY	3271376	0	3.0	50
	chrY	3271400	0	1.0	50
	chrY	3277335	1	2.0	50
	chrY	3325617	0	1.0	50
	chrY	3377437	1	6.0	50
	chrY	3388154	0	1.0	50
	chrY	3388674	0	8.0	50
	chrY	3406551	1	1.0	50
	chrY	3407465	1	1.0	50
	chrY	3407497	1	1.0	50
	chrY	3424039	0	4.0	50
	chrY	3426577	1	2.0	50
	chrY	3449293	1	3.0	50
	chrY	3452476	1	5.0	50
	chrY	3507117	1	6.0	50
	chrY	3533142	0	1.0	50
	chrY	3549583	1	5.0	50
	chrY	3561045	0	1.0	50
	chrY	3571746	0	1.0	50
	chrY	3592165	1	2.0	50
	chrY	3616662	0	2.0	50
	chrY	3641437	0	6.0	50
	chrY	3663236	0	1.0	50
	chrY	3714395	0	1.0	50
	chrY	3714533	0	6.0	50
	chrY	3715918	0	8.0	50
	chrY	3716163	0	1.0	50
	chrY	3718201	1	1.0	50
	chrY	3719047	1	5.0	50
	chrY	3725220	1	7.0	50
	chrY	3734727	0	1.0	50
	chrY	3737119	1	1.0	50
	chrY	3744387	0	1.0	50
	chrY	3838923	1	1.0	50
	chrY	3883704	0	13.0	50
	chrY	3893914	1	1.0	50
	chrY	3903948	0	2.0	50
	chrY	3903991	1	2.0	50
	chrY	3924288	0	1.0	50
	chrY	3926970	0	1.0	50
	chrY	3928593	0	1.0	50
	chrY	3930916	0	3.0	50
	chrY	3952596	1	5.0	50
	chrY	3988596	1	5.0	50
	chrY	4004264	0	1.0	50
	chrY	4009794	1	1.0	50
	chrY	4016124	0	9.0	50
	chrY	4031664	1	1.0	50
	chrY	4144797	1	5.0	50
	chrY	4152188	1	4.0	50
	chrY	4156759	1	2.0	50
	chrY	4174941	0	1.0	50
	chrY	4209050	0	2.0	50
	chrY	4243074	0	5.0	50
	chrY	4275235	0	1.0	50
	chrY	4311478	1	4.0	50
	chrY	4328749	1	8.0	50
	chrY	4336898	1	8.0	50
	chrY	4349226	1	2.0	50
	chrY	4370568	0	2.0	50
	chrY	4370657	1	1.0	50
	chrY	4392329	1	2.0	50
	chrY	4396442	1	1.0	50
	chrY	4413137	0	1.0	50
	chrY	4416835	1	3.0	50
	chrY	4420898	0	6.0	50
	chrY	4435131	0	5.0	50
	chrY	4442150	1	10.0	50
	chrY	4450431	0	4.0	50
	chrY	4454398	1	1.0	50
	chrY	4472717	1	8.0	50
	chrY	4480919	1	2.0	50
	chrY	4496574	1	1.0	50
	chrY	4605817	0	3.0	50
	chrY	4607575	0	4.0	50
	chrY	4617615	0	1.0	50
	chrY	4634265	0	1.0	50
	chrY	4769871	0	1.0	50
	chrY	4794012	0	3.0	50
	chrY	4796314	1	9.0	50
	chrY	4804963	1	4.0	50
	chrY	4936114	1	1.0	50
	chrY	4975444	1	2.0	50
	chrY	5261752	1	2.0	50
	chrY	5262568	1	1.0	50
	chrY	5268458	0	7.0	50
	chrY	5299923	0	2.0	50
	chrY	5336809	0	3.0	50
	chrY	5431252	0	1.0	50
	chrY	5486264	0	1.0	19
	chrY	5486264	0	8.0	50
	chrY	5505955	0	5.0	50
	chrY	5536319	0	6.0	50
	chrY	5612300	1	1.0	50
	chrY	5664574	1	1.0	50
	chrY	5677288	0	4.0	50
	chrY	5784012	1	1.0	50
	chrY	5906444	1	3.0	50
	chrY	5915764	1	6.0	50
	chrY	5924889	0	3.0	50
	chrY	5937629	0	1.0	50
	chrY	5971434	1	5.0	50
	chrY	5978736	0	1.0	50
	chrY	5980990	1	1.0	50
	chrY	5983713	1	1.0	50
	chrY	5983722	1	7.0	50
	chrY	5996590	0	3.0	50
	chrY	6000155	0	2.0	50
	chrY	6129893	0	5.0	50
	chrY	6385711	1	4.0	50
	chrY	6403643	1	4.0	50
	chrY	6413826	0	2.0	50
	chrY	6541513	1	1.0	48
	chrY	6592518	0	2.0	44
	chrY	6595209	0	1.0	50
	chrY	6617189	0	2.0	50
	chrY	6688890	0	1.0	50
	chrY	6705271	1	2.0	50
	chrY	6737887	1	2.0	50
	chrY	6757639	1	6.0	50
	chrY	6820101	1	1.0	50
	chrY	6826804	0	1.0	50
	chrY	6832898	0	7.0	50
	chrY	6832901	0	6.0	50
	chrY	6907674	0	2.0	50
	chrY	6917680	0	4.0	50
	chrY	6934531	0	1.0	50
	chrY	7004187	1	2.0	50
	chrY	7005280	1	1.0	50
	chrY	7161839	1	7.0	50
	chrY	7176352	1	2.0	50
	chrY	7234274	1	1.0	50
	chrY	7252234	1	14.0	50
	chrY	7253575	1	4.0	50
	chrY	7296954	1	1.0	50
	chrY	7303571	1	8.0	50
	chrY	7342742	0	1.0	50
	chrY	7353749	1	7.0	50
	chrY	7553189	1	1.0	50
	chrY	7582647	0	1.0	50
	chrY	7592571	0	5.0	50
	chrY	7649675	0	2.0	50
	chrY	7708938	0	1.0	50
	chrY	7754148	1	4.0	50
	chrY	7777453	0	2.0	50
	chrY	7865910	1	4.0	50
	chrY	7924373	0	1.0	50
	chrY	7924970	1	2.0	50
	chrY	7966043	1	3.0	50
	chrY	7966345	1	2.0	50
	chrY	8125101	1	1.0	50
	chrY	8344866	0	5.0	50
	chrY	8377942	1	2.0	46
	chrY	8500934	0	2.0	50
	chrY	8510600	0	6.0	50
	chrY	8529466	1	8.0	50
	chrY	8537932	0	1.0	32
	chrY	8537932	0	7.0	50
	chrY	8571681	0	5.0	50
	chrY	8843722	1	2.0	50
	chrY	8847377	1	1.0	50
	chrY	8857953	1	5.0	50
	chrY	8866565	0	6.0	50
	chrY	8866604	1	4.0	50
	chrY	8866610	1	1.0	50
	chrY	8871493	0	5.0	50
	chrY	8972573	0	1.0	50
	chrY	9497237	0	3.0	50
	chrY	9759971	1	1.0	50
	chrY	9773438	0	1.0	50
	chrY	9804594	0	6.0	50
	chrY	9880051	0	4.0	50
	chrY	9925954	1	1.0	50
	chrY	9926031	1	6.0	50
	chrY	9930002	1	1.0	50
	chrY	9931512	1	1.0	50
	chrY	9931526	1	2.0	50
	chrY	9931995	0	6.0	50
	chrY	9932010	1	6.0	50
	chrY	9932019	1	2.0	48
	chrY	9932499	0	7.0	50
	chrY	9932805	0	1.0	50
	chrY	9932814	0	4.0	50
	chrY	9932875	1	2.0	50
	chrY	9932961	0	2.0	50
	chrY	9933930	1	2.0	50
	chrY	9934612	0	3.0	50
	chrY	9934802	1	3.0	50
	chrY	9935319	1	3.0	50
	chrY	9935424	1	2.0	50
	chrY	9935452	1	6.0	50
	chrY	9935861	1	2.0	50
	chrY	9935960	0	13.0	50
	chrY	9936438	0	2.0	50
	chrY	9936464	1	2.0	50
	chrY	9936472	0	6.0	50
	chrY	9937328	0	5.0	50
	chrY	9938907	1	1.0	50
	chrY	9939134	0	6.0	50
	chrY	9939189	1	2.0	50
	chrY	9939202	1	2.0	50
	chrY	9939550	0	2.0	50
	chrY	9939597	1	6.0	50
	chrY	9939616	1	6.0	50
	chrY	9940156	1	1.0	50
	chrY	9940522	0	1.0	50
	chrY	9940674	1	1.0	50
	chrY	9940745	1	4.0	50
	chrY	9940750	0	5.0	50
	chrY	9940758	0	6.0	50
	chrY	9941025	1	1.0	50
	chrY	9941028	0	7.0	50
	chrY	9941154	0	1.0	50
	chrY	9941161	0	4.0	50
	chrY	9941185	0	1.0	50
	chrY	9941188	0	4.0	50
	chrY	9941481	0	5.0	50
	chrY	9941663	0	5.0	50
	chrY	9941832	0	2.0	50
	chrY	9941877	0	1.0	50
	chrY	9941925	1	6.0	50
	chrY	9941931	1	4.0	50
	chrY	9942774	1	4.0	50
	chrY	9942885	0	2.0	50
	chrY	9942964	1	5.0	50
	chrY	9943546	0	12.0	50
	chrY	9943835	1	4.0	50
	chrY	9943986	0	1.0	50
	chrY	9944052	1	1.0	50
	chrY	9944076	0	5.0	50
	chrY	9944163	1	4.0	50
	chrY	9944592	1	4.0	50
	chrY	9945050	1	3.0	50
	chrY	9945053	1	1.0	50
	chrY	9945069	1	1.0	50
	chrY	9945195	1	5.0	50
	chrY	9945251	0	2.0	50
	chrY	9946025	1	2.0	50
	chrY	9947174	0	2.0	50
	chrY	9947214	1	5.0	50
	chrY	9950563	1	1.0	50
	chrY	9950580	1	3.0	50
	chrY	9951650	0	5.0	50
	chrY	9951895	0	1.0	50
	chrY	9951947	1	3.0	50
	chrY	9951974	0	1.0	50
	chrY	9952043	0	1.0	50
	chrY	9952430	0	6.0	50
	chrY	9952555	0	3.0	50
	chrY	9952575	0	2.0	50
	chrY	9952579	0	7.0	50
	chrY	9953123	0	1.0	50
	chrY	9953152	1	2.0	50
	chrY	9953163	1	2.0	50
	chrY	9953394	0	4.0	50
	chrY	9953448	1	4.0	50
	chrY	9953723	0	6.0	50
	chrY	9953729	1	2.0	50
	chrY	9953733	0	1.0	50
	chrY	9953735	1	5.0	50
	chrY	9953986	1	1.0	50
	chrY	9954073	0	4.0	50
	chrY	9954445	1	2.0	50
	chrY	9956963	1	4.0	50
	chrY	9956986	0	3.0	26
	chrY	9957128	0	2.0	50
	chrY	9957194	1	1.0	50
	chrY	9957917	0	9.0	50
	chrY	9958410	0	8.0	50
	chrY	9958861	0	1.0	50
	chrY	9959326	1	1.0	50
	chrY	9960327	1	2.0	50
	chrY	9960328	1	2.0	50
	chrY	9960990	0	10.0	50
	chrY	9961046	1	6.0	50
	chrY	9961077	0	1.0	50
	chrY	9961129	1	4.0	50
	chrY	9961531	0	1.0	50
	chrY	9961553	1	1.0	50
	chrY	9961591	1	1.0	50
	chrY	9961767	1	1.0	50
	chrY	9963881	1	3.0	50
	chrY	9964085	1	4.0	50
	chrY	9964312	1	4.0	50
	chrY	9964346	1	1.0	50
	chrY	9964406	0	1.0	50
	chrY	9964753	1	5.0	50
	chrY	9966672	1	4.0	50
	chrY	9967135	1	2.0	50
	chrY	9967558	1	2.0	50
	chrY	9972703	1	4.0	50
	chrY	9975199	0	3.0	50
	chrY	9976881	1	1.0	50
	chrY	9979344	1	2.0	50
	chrY	9980364	0	2.0	50
	chrY	9980458	1	2.0	50
	chrY	9981463	1	6.0	50
	chrY	9982572	1	3.0	50
	chrY	9982909	1	5.0	50
	chrY	9983522	1	1.0	50
	chrY	9984161	1	5.0	50
	chrY	9984637	1	6.0	50
	chrY	9984795	0	1.0	50
	chrY	9984846	1	1.0	50
	chrY	9984878	1	7.0	50
	chrY	9985034	0	1.0	50
	chrY	9985055	0	6.0	50
	chrY	9986792	0	5.0	50
	chrY	9989151	0	6.0	50
	chrY	9990314	0	2.0	50
	chrY	9994467	1	5.0	50
	chrY	9994681	0	1.0	50
	chrY	9994713	0	1.0	50
	chrY	9994772	1	4.0	50
	chrY	9997063	0	1.0	50
	chrY	9997390	0	7.0	50
	chrY	10003198	0	4.0	50
	chrY	10005427	1	7.0	50
	chrY	10005954	0	2.0	50
	chrY	10006179	0	1.0	50
	chrY	10006196	0	1.0	50
	chrY	10006207	0	1.0	50
	chrY	10006227	1	5.0	50
	chrY	10006445	0	3.0	50
	chrY	10007723	0	2.0	50
	chrY	10008515	1	1.0	50
	chrY	10009748	0	1.0	50
	chrY	10010234	0	1.0	50
	chrY	10011616	0	8.0	50
	chrY	10011687	1	3.0	50
	chrY	10011688	0	4.0	50
	chrY	10012323	1	4.0	50
	chrY	10013496	0	5.0	50
	chrY	10014559	1	1.0	50
	chrY	10014656	0	1.0	50
	chrY	10014878	1	8.0	25
	chrY	10015808	1	2.0	50
	chrY	10016468	1	2.0	50
	chrY	10016695	0	1.0	50
	chrY	10016845	1	4.0	50
	chrY	10016851	1	1.0	50
	chrY	10017448	1	4.0	50
	chrY	10017804	0	4.0	50
	chrY	10017920	1	1.0	50
	chrY	10017949	1	5.0	50
	chrY	10018025	0	2.0	50
	chrY	10018476	1	1.0	50
	chrY	10018797	1	1.0	50
	chrY	10019159	0	2.0	50
	chrY	10019167	0	2.0	50
	chrY	10019379	0	2.0	50
	chrY	10019427	1	2.0	50
	chrY	10019433	1	1.0	50
	chrY	10019528	1	7.0	50
	chrY	10019868	0	5.0	50
	chrY	10020415	1	1.0	50
	chrY	10022184	1	1.0	50
	chrY	10022335	0	3.0	50
	chrY	10023021	0	12.0	50
	chrY	10023967	0	1.0	50
	chrY	10024066	1	5.0	50
	chrY	10024237	0	5.0	50
	chrY	10024499	1	2.0	14
	chrY	10029220	1	4.0	50
	chrY	10029243	0	8.0	50
	chrY	10029262	0	7.0	50
	chrY	10029636	0	4.0	50
	chrY	10029770	0	6.0	50
	chrY	10033479	0	5.0	50
	chrY	10033910	0	10.0	50
	chrY	10037840	0	6.0	50
	chrY	10037862	0	1.0	50
	chrY	10039708	0	2.0	50
	chrY	10039712	1	5.0	50
	chrY	10040534	1	2.0	50
	chrY	13204182	1	2.0	50
	chrY	13245079	1	1.0	50
	chrY	13259539	1	2.0	50
	chrY	13263616	0	2.0	50
	chrY	13264228	1	7.0	50
	chrY	13264859	0	10.0	50
	chrY	13265414	1	10.0	50
	chrY	13265418	1	8.0	50
	chrY	13266442	0	5.0	50
	chrY	13266577	1	2.0	50
	chrY	13266602	1	1.0	50
	chrY	13266694	1	11.0	50
	chrY	13266858	0	1.0	50
	chrY	13267358	1	2.0	50
	chrY	13268586	1	4.0	50
	chrY	13269724	1	11.0	50
	chrY	13269736	0	1.0	50
	chrY	13269740	0	5.0	50
	chrY	13269789	1	3.0	50
	chrY	13271487	1	1.0	50
	chrY	13272333	1	5.0	50
	chrY	13272587	0	4.0	50
	chrY	13272632	1	7.0	50
	chrY	13272838	0	1.0	50
	chrY	13272840	0	1.0	50
	chrY	13275139	0	1.0	15
	chrY	13277463	1	1.0	50
	chrY	13280044	1	1.0	50
	chrY	13284234	0	2.0	50
	chrY	13284805	1	1.0	50
	chrY	13284808	1	5.0	50
	chrY	13285721	0	2.0	50
	chrY	13287219	0	2.0	50
	chrY	13291928	0	2.0	50
	chrY	13291972	1	2.0	50
	chrY	13291983	1	4.0	50
	chrY	13292212	0	3.0	50
	chrY	13292422	1	5.0	50
	chrY	13295320	1	3.0	14
	chrY	13301747	1	3.0	50
	chrY	13302682	1	2.0	50
	chrY	13302687	1	5.0	50
	chrY	13304771	1	1.0	50
	chrY	13309988	1	1.0	50
	chrY	13310810	1	1.0	50
	chrY	13311968	0	3.0	50
	chrY	13313863	0	1.0	50
	chrY	13315410	0	3.0	50
	chrY	13324615	0	5.0	50
	chrY	13325571	1	9.0	50
	chrY	13336428	0	2.0	50
	chrY	13336446	1	2.0	50
	chrY	13337866	1	3.0	50
	chrY	13339997	0	1.0	50
	chrY	13354586	0	3.0	50
	chrY	13356903	1	2.0	50
	chrY	13366687	1	3.0	50
	chrY	13368002	1	2.0	50
	chrY	13370448	0	3.0	50
	chrY	13384742	0	10.0	50
	chrY	13387968	1	3.0	50
	chrY	13393031	1	4.0	50
	chrY	13397680	1	2.0	50
	chrY	13399229	1	1.0	50
	chrY	13399295	0	1.0	50
	chrY	13399297	0	2.0	50
	chrY	13400292	1	4.0	50
	chrY	13401780	1	1.0	50
	chrY	13402449	0	9.0	50
	chrY	13402458	0	5.0	50
	chrY	13403069	0	6.0	50
	chrY	13403079	0	3.0	50
	chrY	13403106	0	3.0	50
	chrY	13403148	1	1.0	50
	chrY	13403160	1	1.0	50
	chrY	13403351	0	1.0	50
	chrY	13403832	1	5.0	50
	chrY	13404184	1	1.0	50
	chrY	13404860	0	1.0	48
	chrY	13405188	0	6.0	27
	chrY	13405359	1	2.0	50
	chrY	13405412	0	2.0	50
	chrY	13405453	0	1.0	50
	chrY	13405904	0	2.0	50
	chrY	13405939	0	4.0	50
	chrY	13405955	0	1.0	50
	chrY	13406185	0	1.0	50
	chrY	13406236	1	12.0	50
	chrY	13407736	1	1.0	50
	chrY	13410140	0	1.0	50
	chrY	13410187	1	1.0	50
	chrY	13411679	1	7.0	50
	chrY	13412889	0	6.0	50
	chrY	13414293	1	1.0	50
	chrY	13414402	1	2.0	50
	chrY	13414790	1	2.0	50
	chrY	13415730	0	8.0	50
	chrY	13416308	0	1.0	50
	chrY	13418555	1	1.0	50
	chrY	13418844	0	2.0	50
	chrY	13420012	0	2.0	50
	chrY	13420832	1	6.0	50
	chrY	13422384	0	6.0	50
	chrY	13422453	1	4.0	50
	chrY	13422459	0	3.0	50
	chrY	13422495	0	3.0	50
	chrY	13423294	1	4.0	50
	chrY	13423592	0	1.0	50
	chrY	13423598	0	2.0	50
	chrY	13425248	1	1.0	50
	chrY	13428081	0	5.0	28
	chrY	13428140	1	3.0	31
	chrY	13428987	1	8.0	50
	chrY	13429091	1	1.0	50
	chrY	13429362	1	5.0	50
	chrY	13430122	1	1.0	50
	chrY	13430910	0	5.0	50
	chrY	13431362	0	3.0	50
	chrY	13431400	1	3.0	50
	chrY	13431413	1	7.0	50
	chrY	13431493	1	3.0	50
	chrY	13432313	0	4.0	50
	chrY	13432687	1	2.0	50
	chrY	13432995	0	7.0	50
	chrY	13433334	0	6.0	50
	chrY	13433427	0	3.0	30
	chrY	13433972	0	2.0	50
	chrY	13434221	0	2.0	50
	chrY	13434679	1	1.0	50
	chrY	13434755	1	1.0	50
	chrY	13434770	1	1.0	50
	chrY	13435365	0	1.0	50
	chrY	13435997	0	5.0	50
	chrY	13436016	0	2.0	50
	chrY	13436238	0	3.0	50
	chrY	13436623	1	5.0	50
	chrY	13436701	0	1.0	50
	chrY	13436794	1	4.0	7
	chrY	13437126	0	10.0	50
	chrY	13437127	0	5.0	50
	chrY	13437303	0	2.0	50
	chrY	13437587	1	1.0	50
	chrY	13437777	1	4.0	50
	chrY	13437790	0	1.0	50
	chrY	13437847	1	2.0	50
	chrY	13439763	0	5.0	50
	chrY	13440302	1	10.0	50
	chrY	13440342	1	2.0	50
	chrY	13441666	0	1.0	50
	chrY	13442519	0	1.0	50
	chrY	13442532	1	1.0	50
	chrY	13442916	1	1.0	50
	chrY	13443013	0	3.0	50
	chrY	13443081	1	7.0	50
	chrY	13444144	0	6.0	50
	chrY	13444196	1	5.0	50
	chrY	13444210	0	3.0	50
	chrY	13444676	1	4.0	50
	chrY	13445336	1	2.0	50
	chrY	13445772	0	3.0	50
	chrY	13445857	1	3.0	50
	chrY	13495659	0	1.0	50
	chrY	13496724	0	1.0	50
	chrY	13497652	0	1.0	50
	chrY	13498879	1	1.0	50
	chrY	13499802	0	1.0	50
	chrY	13500391	1	1.0	50
	chrY	13503581	1	2.0	50
	chrY	13506984	1	4.0	50
	chrY	13507030	0	1.0	50
	chrY	13508170	1	2.0	50
	chrY	13508584	1	2.0	50
	chrY	13509670	1	2.0	50
	chrY	13510221	1	1.0	50
	chrY	13513938	0	4.0	50
	chrY	13515505	1	5.0	50
	chrY	13516552	1	1.0	50
	chrY	13520385	1	1.0	50
	chrY	13521523	1	8.0	50
	chrY	13521739	0	4.0	50
	chrY	13522000	0	4.0	50
	chrY	13524589	0	2.0	50
	chrY	13524707	1	7.0	50
	chrY	13524711	1	4.0	50
	chrY	13525710	1	2.0	50
	chrY	13527085	0	2.0	50
	chrY	13528612	1	7.0	50
	chrY	13528837	1	1.0	50
	chrY	13533475	1	6.0	50
	chrY	13536185	1	5.0	50
	chrY	13536246	1	4.0	50
	chrY	13536899	1	1.0	50
	chrY	13542802	1	1.0	50
	chrY	13544563	0	3.0	50
	chrY	13544916	0	6.0	50
	chrY	13551555	1	1.0	50
	chrY	13553170	0	1.0	50
	chrY	13557356	0	2.0	50
	chrY	13562829	0	3.0	50
	chrY	13564542	0	2.0	50
	chrY	13566163	1	1.0	50
	chrY	13566985	0	1.0	50
	chrY	13569279	1	3.0	50
	chrY	13569778	0	1.0	50
	chrY	13572690	1	1.0	50
	chrY	13572720	1	11.0	50
	chrY	13572989	1	3.0	50
	chrY	13573276	0	1.0	50
	chrY	13585210	1	1.0	50
	chrY	13587004	0	1.0	26
	chrY	13587004	0	3.0	50
	chrY	13590411	0	5.0	50
	chrY	13590979	0	1.0	50
	chrY	13596033	1	2.0	50
	chrY	13603605	0	1.0	24
	chrY	13617195	0	1.0	50
	chrY	13620748	1	1.0	50
	chrY	13620846	0	1.0	50
	chrY	13623558	0	1.0	50
	chrY	13632862	1	4.0	50
	chrY	13636789	1	1.0	50
	chrY	13636814	1	2.0	50
	chrY	13883414	0	5.0	50
	chrY	13900197	1	7.0	50
	chrY	13906717	0	1.0	50
	chrY	13908344	1	2.0	50
	chrY	13908976	0	2.0	50
	chrY	13928580	1	1.0	50
	chrY	13929339	1	1.0	50
	chrY	13931278	0	3.0	50
	chrY	13934322	1	3.0	27
	chrY	13958813	0	1.0	50
	chrY	13962505	1	1.0	50
	chrY	13962720	0	4.0	50
	chrY	13966820	0	4.0	50
	chrY	13971540	0	1.0	50
	chrY	14095557	1	3.0	50
	chrY	14107153	0	5.0	50
	chrY	14154641	0	3.0	50
	chrY	14198509	1	1.0	50
	chrY	14200781	1	1.0	44
	chrY	14228640	0	3.0	50
	chrY	14258474	0	4.0	50
	chrY	14358152	1	1.0	50
	chrY	14399450	0	5.0	50
	chrY	14446349	1	1.0	50
	chrY	14468814	0	1.0	48
	chrY	14468814	0	2.0	50
	chrY	14481588	0	1.0	50
	chrY	14523347	0	4.0	50
	chrY	14530763	1	3.0	50
	chrY	14562306	0	1.0	50
	chrY	14562313	0	1.0	50
	chrY	14562318	0	1.0	48
	chrY	14564392	0	4.0	50
	chrY	14600767	0	4.0	50
	chrY	14605463	0	5.0	50
	chrY	14688120	1	5.0	50
	chrY	14696857	0	2.0	50
	chrY	14696999	1	2.0	50
	chrY	14702427	1	2.0	50
	chrY	14742068	1	3.0	50
	chrY	14855475	1	1.0	50
	chrY	14861113	0	3.0	50
	chrY	14919261	0	3.0	50
	chrY	14919265	0	2.0	50
	chrY	14925503	1	8.0	50
	chrY	14982695	1	5.0	50
	chrY	14986715	0	1.0	50
	chrY	15111526	0	3.0	50
	chrY	15111529	0	4.0	50
	chrY	15111569	1	8.0	50
	chrY	15111570	1	7.0	50
	chrY	15111573	1	1.0	50
	chrY	15111575	1	9.0	50
	chrY	15111579	1	1.0	50
	chrY	15111580	1	2.0	50
	chrY	15111581	1	5.0	50
	chrY	15111585	1	3.0	50
	chrY	15111588	1	2.0	50
	chrY	15111591	1	2.0	50
	chrY	15111594	1	3.0	50
	chrY	15111595	1	1.0	50
	chrY	15111597	1	5.0	50
	chrY	15111599	1	6.0	50
	chrY	15142446	0	5.0	50
	chrY	15181837	1	1.0	50
	chrY	15227957	1	1.0	50
	chrY	15287329	0	4.0	50
	chrY	15308826	0	4.0	50
	chrY	15345451	0	1.0	50
	chrY	15359979	0	1.0	50
	chrY	15470988	0	1.0	50
	chrY	15593491	0	1.0	50
	chrY	15606261	1	1.0	50
	chrY	15619739	0	2.0	50
	chrY	15671249	0	1.0	22
	chrY	15696301	1	1.0	50
	chrY	15715796	1	1.0	50
	chrY	15777595	0	1.0	50
	chrY	15815401	1	1.0	50
	chrY	15866322	1	4.0	50
	chrY	15907335	1	4.0	50
	chrY	15909541	1	11.0	50
	chrY	15918692	1	1.0	19
	chrY	15946183	0	8.0	50
	chrY	15950094	0	1.0	50
	chrY	16037016	0	1.0	50
	chrY	16052434	1	4.0	50
	chrY	16074768	0	1.0	48
	chrY	16093002	1	1.0	50
	chrY	16292542	0	2.0	50
	chrY	16355243	1	1.0	50
	chrY	16374567	1	4.0	50
	chrY	16394150	0	1.0	50
	chrY	16454448	0	3.0	50
	chrY	16460584	0	1.0	50
	chrY	16467441	1	1.0	50
	chrY	16484903	0	5.0	50
	chrY	16511184	1	4.0	50
	chrY	16639308	1	6.0	50
	chrY	16689813	1	4.0	50
	chrY	16692144	1	1.0	48
	chrY	16834794	1	1.0	50
	chrY	16836599	1	1.0	50
	chrY	16901328	0	2.0	50
	chrY	16926903	1	1.0	50
	chrY	16933703	0	2.0	50
	chrY	16993897	0	4.0	50
	chrY	17151925	0	2.0	50
	chrY	17225570	0	4.0	50
	chrY	17226293	1	3.0	50
	chrY	17236349	1	5.0	50
	chrY	17251983	0	8.0	50
	chrY	17258367	0	6.0	50
	chrY	17276855	1	1.0	50
	chrY	17310662	1	7.0	50
	chrY	17311781	1	3.0	50
	chrY	17317711	0	4.0	50
	chrY	17317758	1	2.0	50
	chrY	17348963	1	3.0	50
	chrY	17349436	1	2.0	50
	chrY	17351824	0	9.0	50
	chrY	17420956	0	1.0	50
	chrY	17459600	1	2.0	50
	chrY	17464112	1	1.0	50
	chrY	17472019	1	6.0	50
	chrY	17485444	0	3.0	50
	chrY	17607164	0	2.0	50
	chrY	17648778	0	1.0	50
	chrY	17667811	1	2.0	50
	chrY	17686481	1	3.0	50
	chrY	17703322	1	2.0	13
	chrY	17788864	1	3.0	50
	chrY	17841968	0	6.0	50
	chrY	17850025	0	6.0	50
	chrY	17879487	0	1.0	50
	chrY	17905250	1	1.0	50
	chrY	17994905	1	1.0	48
	chrY	17994906	1	1.0	50
	chrY	17994907	1	1.0	50
	chrY	17994913	1	2.0	50
	chrY	18008645	0	1.0	50
	chrY	18216417	0	2.0	50
	chrY	18384515	1	1.0	50
	chrY	18512483	1	5.0	50
	chrY	18604573	1	10.0	50
	chrY	18647576	0	1.0	50
	chrY	18654190	1	2.0	48
	chrY	18664350	0	1.0	50
	chrY	18690526	1	11.0	50
	chrY	18701706	0	2.0	50
	chrY	18742450	1	2.0	46
	chrY	18754395	0	5.0	50
	chrY	18760230	0	2.0	50
	chrY	18789618	1	1.0	50
	chrY	18940397	0	2.0	50
	chrY	18966024	1	1.0	50
	chrY	18972338	0	4.0	50
	chrY	18972378	1	2.0	50
	chrY	19036699	0	2.0	50
	chrY	19036700	0	1.0	48
	chrY	19051609	1	4.0	50
	chrY	19058797	0	2.0	50
	chrY	19071124	1	3.0	50
	chrY	19085007	1	2.0	50
	chrY	19108039	1	2.0	50
	chrY	19152203	1	2.0	50
	chrY	19192519	0	2.0	50
	chrY	19295397	0	1.0	50
	chrY	19328632	0	1.0	50
	chrY	19345628	1	2.0	50
	chrY	19381042	0	1.0	50
	chrY	19382317	0	1.0	50
	chrY	19456566	1	6.0	50
	chrY	19517039	0	1.0	50
	chrY	19522091	1	3.0	50
	chrY	19535719	1	1.0	50
	chrY	19535845	0	4.0	50
	chrY	20104290	1	2.0	50
	chrY	20104291	1	1.0	50
	chrY	20104293	1	2.0	50
	chrY	20104303	1	2.0	50
	chrY	20804003	0	1.0	50
	chrY	20836794	0	4.0	50
	chrY	21012232	1	1.0	50
	chrY	21071961	1	5.0	50
	chrY	21074458	0	7.0	50
	chrY	21104645	1	1.0	37
	chrY	21104645	1	1.0	50
	chrY	21120329	1	7.0	50
	chrY	21152549	0	3.0	50
	chrY	21153209	0	3.0	50
	chrY	21153409	0	4.0	50
	chrY	21153500	0	1.0	50
	chrY	21154124	0	1.0	50
	chrY	21154446	1	4.0	50
	chrY	21154709	0	1.0	50
	chrY	21154800	0	7.0	50
	chrY	21154808	1	1.0	50
	chrY	21154842	1	4.0	50
	chrY	21154970	1	1.0	50
	chrY	21154995	1	1.0	50
	chrY	21194805	1	2.0	50
	chrY	21208052	0	3.0	50
	chrY	21224413	1	3.0	50
	chrY	21306640	1	1.0	50
	chrY	21334071	0	4.0	50
	chrY	21343327	0	3.0	50
	chrY	21412260	0	1.0	48
	chrY	21460262	0	5.0	50
	chrY	21477505	0	3.0	50
	chrY	21496205	0	2.0	50
	chrY	21540813	0	1.0	50
	chrY	21608069	1	1.0	50
	chrY	21623522	0	4.0	50
	chrY	21756441	1	4.0	50
	chrY	21822088	0	10.0	50
	chrY	21856514	0	2.0	50
	chrY	21929323	1	3.0	50
	chrY	21956230	0	3.0	50
	chrY	21967322	1	1.0	50
	chrY	21974486	0	2.0	50
	chrY	21980172	1	2.0	50
	chrY	22013087	0	1.0	50
	chrY	22017003	1	3.0	50
	chrY	22017994	0	3.0	50
	chrY	22021097	0	7.0	50
	chrY	22023584	0	4.0	50
	chrY	22077199	0	5.0	50
	chrY	22093170	0	2.0	48
	chrY	22168021	1	3.0	48
	chrY	22204036	1	1.0	50
	chrY	22319976	0	1.0	50
	chrY	22472608	1	1.0	50
	chrY	22515666	1	6.0	50
	chrY	22610140	1	3.0	50
	chrY	22714480	1	15.0	50
	chrY	22737997	0	4.0	50
	chrY	22789923	1	7.0	50
	chrY	22811090	1	1.0	50
	chrY	22890111	1	9.0	50
	chrY	22926273	0	2.0	50
	chrY	23002394	1	2.0	50
	chrY	23061965	0	6.0	50
	chrY	23111091	1	1.0	50
	chrY	23115753	1	6.0	50
	chrY	23141991	0	2.0	50
	chrY	23305465	0	4.0	50
	chrY	23318072	1	1.0	50
	chrY	23322662	1	3.0	50
	chrY	23338142	0	1.0	50
	chrY	23356782	1	2.0	50
	chrY	23421083	1	1.0	50
	chrY	23551204	0	2.0	50
	chrY	23617492	0	1.0	50
	chrY	23741673	0	1.0	50
	chrY	23753008	0	2.0	50
	chrY	23841552	1	5.0	50
	chrY	23969668	0	1.0	50
	chrY	24422526	1	1.0	50
	chrY	24478508	1	1.0	50
	chrY	24486205	0	1.0	50
	chrY	25250682	1	4.0	50
	chrY	26060219	1	1.0	48
	chrY	26902284	0	1.0	50
	chrY	28461390	0	2.0	50
	chrY	28461391	0	7.0	50
	chrY	28461394	0	3.0	50
	chrY	28461397	0	5.0	50
	chrY	28461399	0	4.0	50
	chrY	28461401	0	8.0	50
	chrY	28461402	0	4.0	50
	chrY	28461403	0	1.0	50
	chrY	28461404	0	14.0	50
	chrY	28461405	0	7.0	50
	chrY	28461406	0	5.0	50
	chrY	28461444	1	1.0	50
	chrY	28461446	1	10.0	50
	chrY	28461450	1	8.0	50
	chrY	28461452	1	6.0	50
	chrY	28466358	0	1.0	50
	chrY	28468131	0	1.0	50
	chrY	28470919	1	5.0	50
	chrY	28482694	1	9.0	50
	chrY	28495073	1	8.0	50
	chrY	28523561	0	1.0	50
	chrY	28534536	0	1.0	27
	chrY	28552615	1	1.0	50
	chrY	28572376	0	1.0	50
	chrY	28577952	0	1.0	50
	chrY	28577991	1	1.0	48
	chrY	28582786	1	2.0	50
	chrY	28584047	1	1.0	50
	chrY	28585548	1	3.0	50
	chrY	28592006	0	3.0	50
	chrY	28594926	0	2.0	50
	chrY	28595676	1	1.0	50
	chrY	28624256	0	7.0	50
	chrY	28676965	1	10.0	50
	chrY	28680554	0	2.0	50
	chrY	28692249	1	2.0	50
	chrY	28707522	1	1.0	11
	chrY	28711583	1	1.0	50
	chrY	28726864	0	1.0	50
	chrY	28745234	0	7.0	27
	chrY	28776369	0	1.0	50
	chrY	58968132	1	2.0	50
	chrY	58968486	1	5.0	50
	chrY	58968557	1	1.0	50
	chrY	58968826	0	7.0	50
	chrY	58968920	1	4.0	50
	chrY	58968954	0	2.0	50
	chrY	58969354	0	3.0	50
	chrY	58969645	0	8.0	50
	chrY	58969664	0	1.0	50
	chrY	58969671	0	5.0	50
	chrY	58971346	0	4.0	50
	chrY	58971359	0	3.0	50
	chrY	58971667	0	1.0	50
	chrY	58997839	0	3.0	50
	chrY	58997905	0	1.0	50
	chrY	58998757	0	2.0	50
	chrY	58998816	0	7.0	50
	chrY	58998895	1	2.0	50
	chrY	58999499	1	1.0	50
	chrY	58999935	1	3.0	50
	chrY	59000899	1	2.0	50
	chrY	59001026	0	2.0	50
	chrY	59001428	0	4.0	50
	chrY	59001526	1	3.0	50
	chrY	59001897	1	4.0	50
	chrY	59001908	0	2.0	50
	chrY	59001933	0	2.0	50
	chrY	59001945	1	1.0	50
	chrY	59001956	0	1.0	50
	chrY	59002105	1	2.0	50
	chrY	59002141	1	2.0	50
	chrY	59002323	0	5.0	50
	chrY	59002504	1	4.0	50
	chrY	59002601	1	3.0	50
	chrY	59002889	0	1.0	50
	chrY	59002891	0	5.0	50
	chrY	59002904	1	4.0	50
	chrY	59003085	1	5.0	50
	chrY	59003282	1	2.0	50
	chrY	59003635	0	15.0	50
	chrY	59003659	0	3.0	50
	chrY	59003712	1	4.0	50
	chrY	59003718	1	5.0	50
	chrY	59003740	0	2.0	11
	chrY	59003771	1	2.0	20
	chrY	59003955	0	5.0	50
	chrY	59003979	1	11.0	50
	chrY	59004091	0	2.0	50
	chrY	59004710	0	2.0	50
	chrY	59004725	0	1.0	50
	chrY	59004872	1	1.0	50
	chrY	59004947	0	2.0	50
	chrY	59005028	1	1.0	50
	chrY	59005131	0	1.0	50
	chrY	59005262	1	3.0	50
	chrY	59005643	0	1.0	50
	chrY	59005647	0	2.0	50
	chrY	59005922	0	3.0	50
	chrY	59006112	0	1.0	50
	chrY	59006335	0	1.0	50
	chrY	59006466	0	2.0	50
	chrY	59006570	0	2.0	50
	chrY	59006579	0	6.0	50
	chrY	59006647	1	1.0	50
	chrY	59006750	0	10.0	50
	chrY	59006963	0	1.0	15
	chrY	59007505	0	1.0	50
	chrY	59007568	0	3.0	50
	chrY	59007591	1	6.0	50
	chrY	59007835	1	1.0	50
	chrY	59008219	0	2.0	50
	chrY	59008450	0	7.0	50
	chrY	59008460	0	4.0	50
	chrY	59008539	1	4.0	50
	chrY	59008684	0	1.0	50
	chrY	59008729	1	4.0	50
	chrY	59009266	0	3.0	50
	chrY	59009506	1	2.0	50
	chrY	59009778	1	6.0	50
	chrY	59010711	1	5.0	50
	chrY	59011512	1	5.0	50
	chrY	59011704	0	5.0	50
	chrY	59011906	0	3.0	50
	chrY	59011937	1	3.0	50
	chrY	59012036	0	4.0	50
	chrY	59012051	0	1.0	50
	chrY	59012194	0	1.0	50
	chrY	59012201	0	2.0	50
	chrY	59012544	0	1.0	50
	chrY	59012569	1	4.0	50
	chrY	59012589	0	3.0	50
	chrY	59012692	0	1.0	50
	chrY	59012817	1	1.0	50
	chrY	59012848	1	2.0	50
	chrY	59012899	1	3.0	50
	chrY	59013043	1	1.0	46
	chrY	59013813	0	3.0	50
	chrY	59013831	1	2.0	50
	chrY	59013843	1	5.0	50
	chrY	59013974	0	1.0	50
	chrY	59013975	0	1.0	50
	chrY	59014286	0	10.0	50
	chrY	59014505	1	3.0	50
	chrY	59014568	1	5.0	50
	chrY	59014643	0	7.0	50
	chrY	59014841	0	6.0	50
	chrY	59015113	0	8.0	50
	chrY	59015120	0	1.0	50
	chrY	59015150	0	2.0	50
	chrY	59015396	1	9.0	50
	chrY	59015728	0	4.0	50
	chrY	59015815	0	1.0	50
	chrY	59015958	1	9.0	50
	chrY	59016258	0	10.0	50
	chrY	59016427	1	3.0	18
	chrY	59016438	1	13.0	29
	chrY	59016474	0	3.0	50
	chrY	59016613	1	1.0	50
	chrY	59016908	1	3.0	50
	chrY	59017096	0	2.0	50
	chrY	59017186	1	5.0	50
	chrY	59017199	1	4.0	50
	chrY	59017318	0	3.0	50
	chrY	59017396	0	3.0	50
	chrY	59017540	0	1.0	50
	chrY	59017563	0	14.0	50
	chrY	59017664	1	3.0	50
	chrY	59017676	1	5.0	50
	chrY	59017702	0	2.0	50
	chrY	59017761	1	1.0	50
	chrY	59018271	1	4.0	50
	chrY	59018538	0	1.0	50
	chrY	59018627	1	1.0	50
	chrY	59018983	1	10.0	50
	chrY	59019653	1	7.0	50
	chrY	59019779	0	1.0	50
	chrY	59019887	0	4.0	38
	chrY	59019898	0	1.0	50
	chrY	59019900	0	2.0	50
	chrY	59019957	1	4.0	32
	chrY	59019996	0	1.0	50
	chrY	59020004	1	1.0	50
	chrY	59020068	1	1.0	48
	chrY	59020069	1	2.0	50
	chrY	59020125	1	5.0	50
	chrY	59020158	1	4.0	50
	chrY	59020311	0	7.0	50
	chrY	59020366	1	2.0	50
	chrY	59020417	0	5.0	50
	chrY	59020461	1	1.0	50
	chrY	59021458	0	5.0	50
	chrY	59021472	0	2.0	50
	chrY	59022143	0	3.0	50
	chrY	59022300	0	1.0	50
	chrY	59022327	1	1.0	50
	chrY	59022329	1	2.0	50
	chrY	59022463	0	1.0	50
	chrY	59023046	1	5.0	50
	chrY	59023240	0	1.0	50
	chrY	59023295	0	2.0	50
	chrY	59023323	0	5.0	50
	chrY	59023522	0	2.0	50
	chrY	59024073	1	2.0	50
	chrY	59024346	0	2.0	50
	chrY	59024913	0	1.0	50
	chrY	59025047	1	2.0	50
	chrY	59025719	0	1.0	50
	chrY	59025748	0	4.0	50
	chrY	59025810	0	5.0	50
	chrY	59026039	0	1.0	50
	chrY	59026188	0	1.0	50
	chrY	59026592	0	1.0	50
	chrY	59026614	0	12.0	50
	chrY	59027680	1	4.0	50
	chrY	59027720	1	3.0	50
	chrY	59027990	0	2.0	50
	chrY	59028433	1	1.0	50
	chrY	59029193	0	5.0	50
	chrY	59029207	0	13.0	50
	chrY	59029247	1	1.0	50
	chrY	59029259	1	1.0	50
	chrY	59029292	1	4.0	50
	chrY	59029345	0	1.0	50
	chrY	59029498	1	1.0	50
	chrY	59029849	0	2.0	50
	chrY	59029967	0	4.0	50
	chrY	59030033	0	2.0	50
	chrY	59030092	1	1.0	50
	chrY	59030645	1	5.0	50
	chrY	59030671	1	1.0	44
	chrY	59030671	1	3.0	50
	chrY	59031426	1	5.0	50
	chrY	59031427	1	7.0	50
	chrY	59031450	0	2.0	50
	chrY	59031583	0	1.0	50
	chrY	59031727	1	1.0	50
	chrY	59031801	0	3.0	50
	chrY	59031815	0	2.0	50
	chrY	59032117	0	6.0	50
	chrY	59032768	1	7.0	50
	chrY	59032924	1	8.0	50
	chrY	59033134	1	4.0	50
	chrY	59033157	0	3.0	50
